,City,Country,Lat,Lng,Max Temp,Humidity,Cloudiness,Wind Speed,Current Description
0,Hithadhoo,MV,-0.6,73.0833,83.53,76,100,16.64,overcast clouds
1,Geraldton,AU,-28.7667,114.6,61.21,88,100,4.61,overcast clouds
2,Puerto Ayora,EC,-0.7393,-90.3518,73.54,93,35,4.0,scattered clouds
3,Punta Arenas,CL,-53.15,-70.9167,42.91,70,75,13.8,broken clouds
4,Rikitea,PF,-23.1203,-134.9692,76.87,70,3,15.66,clear sky
5,Bethel,US,41.3712,-73.414,70.65,18,75,8.05,broken clouds
6,Henties Bay,NA,-22.116,14.2845,61.61,73,4,5.84,clear sky
7,Verkhneyarkeyevo,RU,55.4505,54.3145,48.25,94,94,7.9,overcast clouds
8,Terney,RU,45.0503,136.6092,56.43,51,91,4.94,overcast clouds
9,Mugumu,TZ,-1.85,34.7,61.16,93,56,2.77,broken clouds
10,Saint-Philippe,RE,-21.3585,55.7679,72.99,79,11,6.91,few clouds
11,Vaini,TO,-21.2,-175.2,80.76,61,20,8.05,few clouds
12,Port Hardy,CA,50.6996,-127.4199,50.18,81,75,4.61,light intensity shower rain
13,Yarada,IN,17.65,83.2667,80.92,94,100,11.5,light intensity drizzle
14,Mataura,NZ,-46.1927,168.8643,52.48,69,14,3.0,few clouds
15,Tuktoyaktuk,CA,69.4541,-133.0374,30.2,80,40,11.5,scattered clouds
16,Ushuaia,AR,-54.8,-68.3,40.66,75,0,5.75,clear sky
17,Hobart,AU,-42.8794,147.3294,51.06,81,0,6.91,clear sky
18,Nyurba,RU,63.2842,118.3319,36.63,76,37,5.06,scattered clouds
19,Victoria,HK,22.2855,114.1577,78.85,95,89,8.99,light rain
20,Butaritari,KI,3.0707,172.7902,81.27,72,21,14.58,few clouds
21,Negru Voda,RO,43.8167,28.2,52.32,64,36,5.14,scattered clouds
22,Bluff,NZ,-46.6,168.3333,52.81,77,19,12.59,few clouds
23,Faanui,PF,-16.4833,-151.75,82.27,73,17,17.11,light rain
24,Hornepayne,CA,49.2138,-84.7705,67.84,42,45,8.59,scattered clouds
25,Qaanaaq,GL,77.484,-69.3632,16.74,70,1,4.45,clear sky
26,Bourail,NC,-21.5667,165.4833,76.41,59,61,7.02,broken clouds
27,Sakakah,SA,29.9697,40.2064,67.57,17,0,6.02,clear sky
28,Port Alfred,ZA,-33.5906,26.891,68.38,44,99,11.34,overcast clouds
29,Vicar,ES,36.8316,-2.6427,65.21,56,33,5.26,scattered clouds
30,Port Elizabeth,ZA,-33.918,25.5701,64.69,93,0,21.85,clear sky
31,Kachug,RU,53.9606,105.8817,34.45,60,39,6.35,scattered clouds
32,Albanel,CA,48.8832,-72.4487,75.34,20,50,12.66,scattered clouds
33,Jamestown,US,42.097,-79.2353,76.64,12,0,0.0,clear sky
34,Narsaq,GL,60.9167,-46.05,44.82,86,61,5.93,broken clouds
35,Kahului,US,20.8947,-156.47,84.22,60,40,25.32,scattered clouds
36,Souillac,MU,-20.5167,57.5167,71.98,100,20,5.75,few clouds
37,Arcachon,FR,44.5875,-1.0519,59.41,94,100,8.05,overcast clouds
38,Tasiilaq,GL,65.6145,-37.6368,24.96,90,98,8.72,overcast clouds
39,Saldanha,ZA,-33.0117,17.9442,55.45,94,76,6.26,broken clouds
40,Busselton,AU,-33.65,115.3333,60.49,82,89,1.12,overcast clouds
41,Touros,BR,-5.1989,-35.4608,77.41,81,100,8.46,overcast clouds
42,Albany,US,42.6001,-73.9662,72.01,53,0,6.42,clear sky
43,Kunzelsau,DE,49.2819,9.6889,63.48,77,75,3.44,broken clouds
44,Aksu,CN,41.1231,80.2644,72.86,22,72,3.78,broken clouds
45,Hasaki,JP,35.7333,140.8333,63.28,83,100,9.89,overcast clouds
46,Malindi,KE,-3.2175,40.1191,80.29,81,10,16.37,light rain
47,Thompson,CA,55.7435,-97.8558,60.96,44,100,6.91,overcast clouds
48,Kapaa,US,22.0752,-159.319,80.92,74,75,14.97,broken clouds
49,Mar Del Plata,AR,-38.0023,-57.5575,54.88,78,75,11.5,broken clouds
50,Saskylakh,RU,71.9167,114.0833,19.85,87,100,3.36,overcast clouds
51,Xuchang,CN,34.0167,113.8167,59.09,77,100,4.81,overcast clouds
52,Khandyga,RU,62.6667,135.6,26.24,91,99,3.33,overcast clouds
53,Havelock,US,34.8791,-76.9013,64.36,72,97,7.0,overcast clouds
54,Svetlyy,RU,54.675,20.1347,54.97,64,100,14.34,overcast clouds
55,Avarua,CK,-21.2078,-159.775,82.45,78,75,4.61,broken clouds
56,Sao Joao Da Barra,BR,-21.6403,-41.0511,69.6,88,7,5.99,clear sky
57,Papetoai,PF,-17.4961,-149.8729,85.59,75,11,17.87,few clouds
58,Barrow,US,71.2906,-156.7887,24.82,74,100,13.8,overcast clouds
59,Sivaki,RU,52.6333,126.75,39.29,47,91,11.3,overcast clouds
60,Gariaband,IN,20.635,82.0614,80.31,71,100,4.07,overcast clouds
61,Chaplynka,UA,46.3651,33.5403,47.61,53,22,4.45,few clouds
62,Fortuna,US,40.5982,-124.1573,55.98,62,20,13.8,few clouds
63,Haines Junction,CA,60.7522,-137.5108,35.55,75,100,14.97,overcast clouds
64,Moche,PE,-8.1711,-79.0092,64.58,82,20,10.36,fog
65,Fauske,NO,67.2588,15.3918,43.95,88,100,3.04,light rain
66,Wajima,JP,37.4,136.9,65.08,67,0,3.44,clear sky
67,Lure,FR,47.75,6.5,60.04,94,0,4.61,clear sky
68,Luderitz,NA,-26.6481,15.1594,59.02,61,48,7.65,scattered clouds
69,Saltillo,MX,25.4167,-101.0,71.02,56,75,17.27,broken clouds
70,Iberia,US,29.9502,-91.7507,89.67,65,20,12.66,few clouds
71,Sitka,US,57.0531,-135.33,42.69,75,100,0.0,light rain
72,Hermanus,ZA,-34.4187,19.2345,61.81,84,96,15.39,overcast clouds
73,Bilibino,RU,68.0546,166.4372,32.18,97,99,5.1,light snow
74,Bengkulu,ID,-3.8004,102.2655,77.99,85,100,4.41,overcast clouds
75,Knysna,ZA,-34.0363,23.0471,59.0,61,39,4.83,scattered clouds
76,La Cruz,MX,23.9167,-106.9,83.37,55,1,10.51,clear sky
77,Kodiak,US,57.79,-152.4072,49.51,34,0,27.63,clear sky
78,Klaksvik,FO,62.2266,-6.589,45.52,86,91,6.22,overcast clouds
79,Atuona,PF,-9.8,-139.0333,78.55,68,36,19.06,scattered clouds
80,Cairo,EG,30.0626,31.2497,70.56,52,0,5.75,clear sky
81,Hofn,IS,64.2539,-15.2082,39.9,61,100,22.03,overcast clouds
82,Mweka,CD,-4.85,21.5667,71.4,82,86,1.99,overcast clouds
83,Provideniya,RU,64.3833,-173.3,32.36,93,75,11.18,fog
84,Mangaratiba,BR,-22.9597,-44.0406,70.66,85,16,3.49,few clouds
85,Lompoc,US,34.6391,-120.4579,68.56,56,0,26.46,clear sky
86,Paamiut,GL,61.994,-49.6678,33.94,95,100,9.62,overcast clouds
87,Port-Cartier,CA,50.0334,-66.8654,46.74,84,20,5.86,few clouds
88,North Bend,US,43.4065,-124.2243,57.16,80,0,14.97,clear sky
89,Kerema,PG,-7.9631,145.7785,81.5,86,100,8.25,light rain
90,Cape Town,ZA,-33.9258,18.4232,60.12,93,75,11.5,broken clouds
91,Beringovskiy,RU,63.05,179.3167,38.08,90,89,11.36,overcast clouds
92,Pangnirtung,CA,66.1451,-65.7125,25.79,88,61,3.94,broken clouds
93,Izmit,TR,40.7669,29.9169,37.38,100,0,1.14,clear sky
94,Guerrero Negro,MX,27.9769,-114.0611,66.36,58,0,22.21,clear sky
95,Kutum,SD,14.2,24.6667,78.75,11,49,8.84,scattered clouds
96,Chuy,UY,-33.6971,-53.4616,60.58,90,100,5.08,overcast clouds
97,Baykit,RU,61.67,96.37,35.67,85,25,1.88,scattered clouds
98,Belyy Yar,RU,53.6039,91.3903,29.86,67,0,2.24,clear sky
99,Oum Hadjer,TD,13.2954,19.6966,95.16,16,77,6.29,broken clouds
100,Rincon,US,32.296,-81.2354,80.56,28,20,9.22,few clouds
101,Lebu,CL,-37.6167,-73.65,51.39,77,100,8.95,overcast clouds
102,Jiwani,PK,25.05,61.7417,82.06,76,17,16.26,few clouds
103,Nemuro,JP,43.3236,145.575,45.52,68,0,5.37,clear sky
104,Parsabad,IR,39.6482,47.9174,53.85,93,100,1.7,light rain
105,Pandan,PH,14.0453,124.1694,81.37,81,68,6.6,broken clouds
106,Sampit,ID,-2.5333,112.95,77.09,93,100,0.69,overcast clouds
107,Aliwal North,ZA,-30.6937,26.7114,52.36,45,91,5.06,overcast clouds
108,Sisimiut,GL,66.9395,-53.6735,27.45,68,12,10.09,few clouds
109,Georgetown,MY,5.4112,100.3354,75.15,100,40,5.75,scattered clouds
110,Alyangula,AU,-13.8483,136.4192,80.47,83,100,8.05,overcast clouds
111,Longyearbyen,SJ,78.2186,15.6401,17.44,62,20,2.3,few clouds
112,Durusu,TR,41.3053,28.6767,55.83,87,3,5.01,clear sky
113,Tezu,IN,27.9167,96.1667,70.72,97,100,2.8,overcast clouds
114,Bredasdorp,ZA,-34.5322,20.0403,61.27,79,73,15.1,broken clouds
115,Kieta,PG,-6.2167,155.6333,84.0,73,78,6.53,broken clouds
116,Castro,BR,-24.7911,-50.0119,60.62,87,81,2.26,broken clouds
117,Ketchikan,US,55.3422,-131.6461,45.07,87,100,12.66,light rain
118,Tirat Karmel,IL,32.7617,34.9719,58.59,87,0,1.77,clear sky
119,Narasannapeta,IN,18.4167,84.05,80.6,84,100,9.57,overcast clouds
120,Grande Prairie,CA,55.1667,-118.8027,51.98,62,75,0.0,broken clouds
121,Boa Vista,BR,2.8197,-60.6733,84.18,61,40,4.61,scattered clouds
122,Iqaluit,CA,63.7506,-68.5145,31.73,93,100,24.16,light snow
123,Chapais,CA,49.7834,-74.8492,71.38,31,98,12.44,overcast clouds
124,Chlorakas,CY,34.8042,32.4083,58.08,77,20,6.91,few clouds
125,Eureka,US,40.8021,-124.1637,58.19,66,16,8.01,few clouds
126,Khatanga,RU,71.9667,102.5,21.99,95,96,10.33,overcast clouds
127,Wonogiri,ID,-7.8144,110.9259,76.39,93,88,1.57,overcast clouds
128,Urengoy,RU,65.9667,78.3667,27.63,97,95,1.81,overcast clouds
129,Strezhevoy,RU,60.7333,77.5889,48.42,76,99,7.18,overcast clouds
130,Vardo,NO,70.3705,31.1107,37.38,100,100,12.66,overcast clouds
131,Maldonado,UY,-34.6667,-54.9167,60.22,94,100,7.2,overcast clouds
132,Chokurdakh,RU,70.6333,147.9167,15.48,92,100,8.93,overcast clouds
133,Warrensburg,US,38.7628,-93.7361,87.87,60,40,17.27,scattered clouds
134,Arraial Do Cabo,BR,-22.9661,-42.0278,69.76,88,75,3.44,broken clouds
135,Kaitangata,NZ,-46.2817,169.8464,49.64,68,10,8.43,clear sky
136,Talnakh,RU,69.4865,88.3972,14.09,97,93,1.81,overcast clouds
137,Ikeda,JP,34.8221,135.4298,66.0,83,75,9.22,light rain
138,Yellowknife,CA,62.456,-114.3525,36.12,64,100,6.91,light snow
139,Siyabuswa,ZA,-25.1132,29.0445,60.03,55,4,0.54,clear sky
140,Cockburn Town,TC,21.4612,-71.1419,80.44,74,74,7.85,broken clouds
141,Wladyslawowo,PL,54.7909,18.4009,64.94,63,100,9.19,overcast clouds
142,Cherskiy,RU,68.75,161.3,24.17,84,60,10.18,broken clouds
143,Avera,US,33.194,-82.5271,80.38,40,0,7.09,clear sky
144,Mlonggo,ID,-6.5333,110.7,79.12,86,73,4.81,moderate rain
145,New Norfolk,AU,-42.7826,147.0587,49.71,85,55,1.01,broken clouds
146,Nosy Varika,MG,-20.5833,48.5333,67.62,79,5,3.53,clear sky
147,Comodoro Rivadavia,AR,-45.8667,-67.5,42.66,81,0,5.75,clear sky
148,Bambous Virieux,MU,-20.3428,57.7575,75.22,100,20,5.75,light rain
149,Arroio Grande,BR,-32.2375,-53.0869,60.6,94,100,2.95,overcast clouds
150,Sao Filipe,CV,14.8961,-24.4956,73.22,80,8,10.31,clear sky
151,Hilo,US,19.7297,-155.09,82.27,77,75,13.8,broken clouds
152,Ures,MX,29.4333,-110.4,94.95,10,6,15.21,clear sky
153,Port-Gentil,GA,-0.7193,8.7815,78.76,94,40,3.44,scattered clouds
154,Miandrivazo,MG,-19.5167,45.4667,68.59,83,20,2.35,few clouds
155,Mana,GF,5.6592,-53.7767,77.56,86,13,9.1,few clouds
156,Cam Ranh,VN,11.9214,109.1591,78.76,83,20,0.0,few clouds
157,Tyubuk,RU,56.0552,60.9405,48.49,91,100,11.1,light rain
158,Topolobampo,MX,25.6,-109.05,85.91,45,0,16.11,clear sky
159,Moussoro,TD,13.6408,16.4901,90.81,36,93,9.17,overcast clouds
160,Chauk,MM,20.8833,94.8167,80.8,78,99,8.21,overcast clouds
161,Richards Bay,ZA,-28.783,32.0377,63.1,89,62,6.91,broken clouds
162,Biak,ID,-0.9131,122.8766,77.36,85,100,1.3,overcast clouds
163,Saint-Francois,FR,46.4154,3.9054,55.67,87,0,3.44,clear sky
164,Ponta Do Sol,PT,32.6667,-17.1,69.12,48,66,8.75,light rain
165,Tingo Maria,PE,-9.2895,-76.0088,73.89,87,27,1.28,scattered clouds
166,Lubao,PH,14.9167,120.55,82.47,70,62,3.47,broken clouds
167,Massaguet,TD,12.4755,15.4365,91.35,33,93,7.16,overcast clouds
168,Arauco,CL,-37.2463,-73.3175,54.5,66,100,3.83,overcast clouds
169,Dalmatovo,RU,56.26,62.9362,52.65,73,100,16.33,light rain
170,Lata,PT,40.1629,-8.3327,55.63,71,16,1.86,few clouds
171,Kolomak,UA,49.8399,35.3044,39.51,75,63,9.93,broken clouds
172,Norman Wells,CA,65.282,-126.8329,48.24,29,75,4.61,broken clouds
173,Grand-Santi,GF,4.25,-54.3833,73.15,99,12,2.73,few clouds
174,Bonavista,CA,48.6499,-53.1147,44.56,71,3,15.17,clear sky
175,Antalaha,MG,-14.9003,50.2788,71.96,92,12,3.8,few clouds
176,Esperance,AU,-33.8667,121.9,62.44,34,50,15.41,scattered clouds
177,Hokitika,NZ,-42.7167,170.9667,56.79,52,2,2.59,clear sky
178,Santiago Del Estero,AR,-27.7951,-64.2615,70.12,57,7,5.95,clear sky
179,Barahona,DO,18.2085,-71.1008,80.42,78,20,16.11,few clouds
180,San Patricio,US,28.017,-97.5169,88.52,55,29,20.89,scattered clouds
181,Ormara,PK,25.2088,64.6357,81.73,77,0,7.99,clear sky
182,Aswan,EG,24.0934,32.907,85.3,16,0,9.22,clear sky
183,Hatfield,GB,51.7634,-0.2242,58.32,79,100,8.05,overcast clouds
184,Ballina,AU,-28.8667,153.5667,71.56,73,75,12.66,broken clouds
185,Vaitape,PF,-16.5167,-151.75,82.2,73,17,16.93,light rain
186,Fort Saint James,CA,54.4333,-124.25,54.79,34,88,7.67,overcast clouds
187,Badulla,LK,6.9895,81.0557,70.72,86,99,6.58,overcast clouds
188,Mamlyutka,KZ,54.9375,68.5394,51.89,67,100,14.67,light rain
189,Cidreira,BR,-30.1811,-50.2056,63.37,96,100,4.09,overcast clouds
190,Marolambo,MG,-20.05,48.1167,60.51,85,6,3.6,clear sky
191,Dikson,RU,73.5069,80.5464,25.38,96,100,26.8,snow
192,Nouadhibou,MR,20.931,-17.0347,71.58,83,89,21.85,overcast clouds
193,Ilawe,NG,7.8667,4.4333,73.78,97,90,4.65,overcast clouds
194,Xining,CN,36.6167,101.7667,48.67,76,89,2.51,overcast clouds
195,Burg,DE,51.8333,14.15,65.77,71,97,8.1,overcast clouds
196,Buala,SB,-8.145,159.5921,81.95,80,100,6.8,light rain
197,Zyryanka,RU,65.75,150.85,27.16,89,100,14.38,overcast clouds
198,Tessalit,ML,20.1986,1.0114,85.06,8,0,9.17,clear sky
199,Tiarei,PF,-17.5333,-149.3333,86.02,77,15,16.69,few clouds
200,Wanning,CN,18.8003,110.3967,79.03,92,82,8.61,broken clouds
201,Saint-Pierre,RE,-21.3393,55.4781,73.9,60,0,6.91,clear sky
202,Lashio,MM,22.9333,97.75,67.32,99,98,1.34,overcast clouds
203,Saint-Augustin,CA,51.226,-58.6502,53.22,57,96,14.03,overcast clouds
204,East London,ZA,-33.0153,27.9116,66.58,42,100,6.06,overcast clouds
205,Zhigansk,RU,66.7697,123.3711,26.94,96,100,8.9,overcast clouds
206,Adrar,MR,20.5022,-10.0711,86.27,10,6,8.95,clear sky
207,Porto Seguro,BR,-16.4497,-39.0647,72.12,88,20,2.3,few clouds
208,Husavik,IS,66.0449,-17.3389,32.25,97,100,12.39,snow
209,Hinton,CA,53.4001,-117.5857,51.44,43,100,5.21,overcast clouds
210,Taraz,KZ,42.9,71.3667,59.41,94,100,2.24,overcast clouds
211,Yuci,CN,37.6803,112.7319,55.15,71,100,8.95,haze
212,Sao Felix Do Xingu,BR,-6.6447,-51.995,77.18,69,55,3.24,broken clouds
213,Nehe,CN,48.4833,124.8333,43.79,60,100,8.68,overcast clouds
214,Erenhot,CN,43.6475,111.9767,38.34,31,0,12.44,clear sky
215,Hambantota,LK,6.1241,81.1185,81.19,80,97,22.03,overcast clouds
216,Mackay,AU,-21.15,149.2,72.68,94,100,5.75,light rain
217,Jining,CN,35.405,116.5814,58.57,73,100,3.67,overcast clouds
218,Kaoma,ZM,-14.7833,24.8,60.06,60,4,3.49,clear sky
219,Hals,DK,56.9961,10.3081,48.16,93,2,12.68,clear sky
220,Mount Gambier,AU,-37.8333,140.7667,48.11,100,40,3.44,scattered clouds
221,Plastun,RU,44.7561,136.2939,60.08,39,98,4.61,overcast clouds
222,Alofi,NU,-19.0595,-169.9187,82.29,69,75,17.27,broken clouds
223,Maba,CN,24.6841,113.5984,68.0,97,100,2.37,overcast clouds
224,Peace River,CA,56.2501,-117.286,46.71,61,75,9.22,broken clouds
225,Tutoia,BR,-2.7619,-42.2744,77.25,87,100,10.18,overcast clouds
226,Togul,RU,53.465,85.9128,35.76,42,0,10.87,clear sky
227,Kruisfontein,ZA,-34.0033,24.7314,60.04,76,77,15.05,broken clouds
228,Gwadar,PK,25.1216,62.3254,80.87,73,21,8.84,few clouds
229,Hervey Bay,AU,-25.2986,152.8535,71.02,97,100,4.0,light rain
230,Mirnyy,RU,62.5353,113.9611,39.24,41,64,4.0,broken clouds
231,Grand Gaube,MU,-20.0064,57.6608,75.38,79,29,13.35,scattered clouds
232,Port Lincoln,AU,-34.7333,135.8667,61.21,63,0,8.39,clear sky
233,Kita,ML,13.0349,-9.4895,88.92,10,30,4.03,scattered clouds
234,Santiago,CL,-33.4569,-70.6483,70.99,44,75,5.75,broken clouds
235,Wuxue,CN,29.8506,115.5525,64.85,85,100,3.15,overcast clouds
236,Gossas,SN,14.4912,-16.0642,78.82,62,19,9.33,few clouds
237,Lakatoro,VU,-16.0999,167.4164,82.51,73,74,19.08,broken clouds
238,Gat,IL,31.61,34.7642,67.41,56,0,1.23,clear sky
239,Winnemucca,US,40.973,-117.7357,44.65,39,75,4.61,broken clouds
240,Dorado,PR,18.4588,-66.2677,83.17,71,75,10.36,broken clouds
241,Port Macquarie,AU,-31.4333,152.9167,64.89,65,100,11.01,overcast clouds
242,Katobu,ID,-4.9408,122.5276,78.6,88,100,0.89,overcast clouds
243,Manzanillo,CU,20.3433,-77.1167,78.73,77,83,6.93,broken clouds
244,Ribeira Grande,PT,38.5167,-28.7,61.14,90,77,23.17,light rain
245,Praia Da Vitoria,PT,38.7333,-27.0667,63.75,100,75,16.44,light intensity drizzle rain
246,Nome,US,64.5011,-165.4064,35.17,93,100,9.22,mist
247,La Ronge,CA,55.1001,-105.2842,53.82,40,75,10.36,broken clouds
248,Tortoli,IT,39.9256,9.6572,62.42,72,0,11.5,clear sky
249,Asau,RO,46.4333,26.4,47.95,98,81,3.53,broken clouds
250,Lazaro Cardenas,MX,17.9583,-102.2,82.06,66,79,7.16,broken clouds
251,Nikolskoye,RU,59.7035,30.7861,48.09,76,79,5.19,broken clouds
252,Yanam,IN,16.7333,82.2167,81.0,84,100,15.35,overcast clouds
253,Pareora,NZ,-44.4871,171.2132,55.18,97,4,5.26,clear sky
254,Airai,TL,-8.9266,125.4092,68.04,63,56,1.72,broken clouds
255,Anshun,CN,26.25,105.9333,61.0,94,94,7.27,overcast clouds
256,Tuni,IN,17.35,82.55,80.94,85,100,15.79,heavy intensity rain
257,Rundu,NA,-17.9333,19.7667,56.79,29,0,3.6,clear sky
258,Gizo,SB,-8.103,156.8419,84.49,74,93,10.67,light rain
259,Saint George,US,37.1041,-113.5841,73.63,8,0,16.11,clear sky
260,San-Pedro,CI,4.7485,-6.6363,79.83,86,83,6.38,broken clouds
261,Huicheng,CN,23.0385,116.2899,75.06,92,100,2.98,overcast clouds
262,Manaus,BR,-3.1019,-60.025,82.89,74,20,4.61,few clouds
263,Clinton,US,42.587,-82.9199,80.06,45,100,1.99,overcast clouds
264,Weimar,DE,50.9833,11.3167,62.69,78,95,7.25,overcast clouds
265,Aklavik,CA,68.2191,-135.0107,32.59,83,100,17.54,overcast clouds
266,Balad,IQ,34.0164,44.1453,71.94,30,0,9.73,clear sky
267,Wilmington Island,US,32.0036,-80.9737,80.69,43,0,4.61,clear sky
268,Yabassi,CM,4.457,9.9682,75.81,98,100,0.65,light rain
269,Rocha,UY,-34.4833,-54.3333,57.56,96,100,6.64,overcast clouds
270,Plettenberg Bay,ZA,-34.0527,23.3716,59.13,58,38,7.61,scattered clouds
271,Lamu,KE,-2.2717,40.902,80.82,82,20,15.01,few clouds
272,Tiksi,RU,71.6872,128.8694,24.58,86,62,9.35,broken clouds
273,Torbay,CA,47.6666,-52.7314,48.97,53,20,11.5,few clouds
274,Yinchuan,CN,38.4681,106.2731,55.2,31,30,10.6,scattered clouds
275,Santa Catarina De Tepehuanes,MX,25.35,-105.7333,84.88,15,27,20.38,scattered clouds
276,Santa Maria,BR,-29.6842,-53.8069,61.9,100,40,3.44,light rain
277,Isangel,VU,-19.55,169.2667,82.51,65,75,6.91,broken clouds
278,Talaya,RU,61.3833,152.75,36.3,100,100,8.7,overcast clouds
279,Clyde River,CA,70.4692,-68.5914,21.43,79,0,11.5,clear sky
280,Manitouwadge,CA,49.1215,-85.8403,59.59,68,46,7.74,scattered clouds
281,Kawalu,ID,-7.3817,108.2082,76.73,93,64,0.54,broken clouds
282,Casablanca,MA,33.5928,-7.6192,75.33,53,46,4.0,scattered clouds
283,Tura,IN,25.5198,90.2201,70.77,97,79,4.5,broken clouds
284,Mayo,US,38.8876,-76.5119,72.01,51,0,9.22,clear sky
285,Tilichiki,RU,60.4667,166.1,33.57,99,100,3.53,overcast clouds
286,Iacu,BR,-12.7672,-40.2117,71.31,82,76,3.98,broken clouds
287,Dotnuva,LT,55.35,23.9,44.82,72,96,8.12,overcast clouds
288,Pakokku,MM,21.3333,95.1,81.84,76,98,5.01,overcast clouds
289,Labuhan,ID,-6.8844,112.2051,80.28,88,96,6.89,overcast clouds
290,Pangoa,PE,-12.1167,-73.0,73.27,75,63,2.17,broken clouds
291,Gusau,NG,12.1628,6.6614,87.6,40,68,8.77,broken clouds
292,Hamilton,US,39.1834,-84.5333,83.21,60,40,9.22,scattered clouds
293,Toca,CO,5.5639,-73.184,52.09,94,80,3.33,light rain
294,Verkhnyaya Toyma,RU,62.2349,44.9985,33.82,72,90,4.63,overcast clouds
295,Severo-Kurilsk,RU,50.6789,156.125,36.7,94,86,7.58,overcast clouds
296,Pochutla,MX,15.7432,-96.4661,87.82,66,76,5.77,broken clouds
297,Grindavik,IS,63.8424,-22.4338,40.95,75,75,17.27,broken clouds
298,Skopelos,GR,39.1247,23.7247,60.21,67,39,8.93,scattered clouds
299,Cervo,ES,43.6702,-7.4101,52.97,81,14,4.81,few clouds
300,Karratha,AU,-20.7377,116.8463,71.46,22,79,12.57,broken clouds
301,Mezen,RU,65.8522,44.24,36.91,88,87,8.81,overcast clouds
302,Prainha,BR,-1.8,-53.48,74.03,97,51,3.31,broken clouds
303,Barbatesti,RO,45.1833,24.1167,46.06,94,48,3.56,scattered clouds
304,Necochea,AR,-38.5473,-58.7368,50.04,76,98,4.94,overcast clouds
305,Ixtapa,MX,20.7,-105.2,81.23,78,20,13.8,few clouds
306,Cap Malheureux,MU,-19.9842,57.6142,75.47,79,25,13.22,scattered clouds
307,Urumqi,CN,43.801,87.6005,61.75,29,87,4.47,dust
308,San Ramon De La Nueva Oran,AR,-23.1322,-64.326,61.21,93,7,0.98,clear sky
309,Pevek,RU,69.7008,170.3133,29.59,76,74,7.45,broken clouds
310,Duluth,US,46.7833,-92.1066,81.18,21,0,9.22,clear sky
311,Badhni Kalan,IN,30.6833,75.2833,86.38,34,0,6.64,clear sky
312,Mareeba,AU,-17.0,145.4333,73.47,91,100,2.84,overcast clouds
313,Phalombe,MW,-15.8064,35.6507,60.21,90,4,2.55,clear sky
314,Sechura,PE,-5.5569,-80.8222,69.53,70,31,16.42,scattered clouds
315,Upernavik,GL,72.7868,-56.1549,18.48,90,70,6.73,broken clouds
316,Bathsheba,BB,13.2167,-59.5167,81.21,74,20,17.27,few clouds
317,Maturin,VE,9.75,-63.1767,78.73,62,15,7.94,few clouds
318,Cabo San Lucas,MX,22.8909,-109.9124,89.91,22,0,9.22,clear sky
319,Coahuayana,MX,18.7333,-103.6833,84.09,55,83,6.08,broken clouds
320,Seoul,KR,37.5683,126.9778,65.77,47,0,3.44,clear sky
321,Nchelenge,ZM,-9.3451,28.734,65.19,64,4,5.44,clear sky
322,Sasovo,RU,54.3537,41.9199,44.01,96,100,16.98,light rain
323,Agadez,NE,19.75,10.25,88.72,17,77,10.92,broken clouds
324,Ust-Kut,RU,56.7938,105.7672,40.46,56,59,3.47,broken clouds
325,Katsuura,JP,35.1333,140.3,62.89,74,100,8.34,overcast clouds
326,Shugurovo,RU,54.5083,52.1326,48.54,96,100,7.61,light rain
327,Aripuana,BR,-9.1667,-60.6333,76.21,84,89,0.11,light rain
328,Faya,SA,18.3851,42.4509,68.11,53,53,0.92,broken clouds
329,Aksarka,RU,66.5606,67.7975,26.83,98,93,9.42,overcast clouds
330,Roseau,DM,15.3017,-61.3881,79.34,79,29,14.5,scattered clouds
331,Thanh Hoa,VN,19.8,105.7667,82.04,81,99,0.69,overcast clouds
332,Adeje,ES,28.1227,-16.726,73.02,79,20,5.75,few clouds
333,Helong,CN,42.5397,128.9972,62.92,32,91,1.03,overcast clouds
334,Areosa,PT,41.7178,-8.8571,56.03,90,31,9.19,scattered clouds
335,Belaya Gora,RU,68.5333,146.4167,21.42,74,58,4.85,broken clouds
336,Menongue,AO,-14.6585,17.691,55.33,50,0,2.62,clear sky
337,Uwajima,JP,33.2238,132.56,64.76,95,100,4.59,heavy intensity rain
338,Nakasongola,UG,1.3089,32.4564,64.42,94,26,4.18,scattered clouds
339,Guaratinga,BR,-16.5667,-39.5667,69.44,86,87,2.24,overcast clouds
340,Laguna,US,38.421,-121.4238,63.05,42,75,14.97,broken clouds
341,Birjand,IR,32.8663,59.2211,55.87,26,0,9.22,clear sky
342,Merauke,ID,-8.4667,140.3333,83.23,79,97,5.75,overcast clouds
343,Dalby,AU,-27.1833,151.2667,62.98,89,100,3.0,moderate rain
344,Myitkyina,MM,25.3833,97.4,71.35,99,100,1.97,overcast clouds
345,Vila Franca Do Campo,PT,37.7167,-25.4333,67.19,89,98,4.09,overcast clouds
346,Palmer,US,42.1584,-72.3287,64.0,41,7,8.79,clear sky
347,Marystown,CA,47.1666,-55.1483,45.86,100,1,6.24,clear sky
348,Pryazha,RU,61.6926,33.6216,47.43,82,85,5.86,overcast clouds
349,Marovoay,MG,-16.1,46.6333,67.66,69,0,2.89,clear sky
350,Kavaratti,IN,10.5669,72.642,84.9,68,100,19.62,overcast clouds
351,Marau,BR,-28.4492,-52.2,58.89,99,100,2.82,overcast clouds
352,Nikolayevka,RU,53.1257,47.2041,36.95,96,100,13.6,light rain
353,Oistins,BB,13.0667,-59.5333,80.69,74,20,17.27,few clouds
354,Ust-Kuyga,RU,70.0167,135.6,16.45,84,100,10.89,overcast clouds
355,Aquiraz,BR,-3.9014,-38.3911,79.18,72,97,4.9,overcast clouds
356,Nelson Bay,AU,-32.7167,152.15,70.0,86,100,1.99,overcast clouds
357,Carnarvon,AU,-24.8667,113.6333,68.07,94,94,5.75,overcast clouds
358,Manali,IN,13.1667,80.2667,84.29,62,100,15.46,heavy intensity rain
359,Kikerino,RU,59.4667,29.6333,40.37,79,71,5.77,broken clouds
360,Ishim,RU,56.1128,69.4902,56.07,39,100,14.47,overcast clouds
361,Edd,ER,13.9297,41.6925,84.69,70,44,0.81,scattered clouds
362,Cayenne,GF,4.9333,-52.3333,82.09,3,100,4.61,overcast clouds
363,Bayan,CN,46.0833,127.4,44.37,77,100,11.54,overcast clouds
364,Goundam,ML,16.4145,-3.6708,82.51,6,12,6.29,few clouds
365,Rybnaya Sloboda,RU,55.4613,50.1409,48.2,96,99,10.69,light rain
366,Nuuk,GL,64.1835,-51.7216,32.61,100,100,4.61,light snow
367,Muros,ES,42.7762,-9.0603,55.83,84,30,4.34,scattered clouds
368,Whitianga,NZ,-36.8333,175.7,58.21,58,8,11.99,clear sky
369,Axim,GH,4.8699,-2.2405,80.53,85,100,7.83,overcast clouds
370,Sale,MA,34.0389,-6.8166,74.08,43,25,6.91,scattered clouds
371,Grahamstown,ZA,-33.3042,26.5328,58.05,45,89,10.56,overcast clouds
372,Placido De Castro,BR,-10.3353,-67.1856,74.82,96,98,1.3,overcast clouds
373,Bumba,CD,2.1833,22.4667,71.26,97,98,1.5,light rain
374,Fort Nelson,CA,58.8053,-122.7002,51.39,35,20,6.91,few clouds
375,Panguna,PG,-6.3164,155.4848,81.25,64,77,4.47,broken clouds
376,Angoram,PG,-4.0625,144.0661,84.83,74,92,3.49,overcast clouds
377,Stornoway,GB,58.2093,-6.3865,46.36,89,75,6.91,broken clouds
378,Maralal,KE,1.0968,36.698,58.62,83,5,5.93,clear sky
379,Leningradskiy,RU,69.3833,178.4167,34.79,95,68,5.35,broken clouds
380,Misratah,LY,32.3754,15.0925,63.43,77,85,5.53,overcast clouds
381,Coquimbo,CL,-29.9533,-71.3436,56.93,100,100,6.91,fog
382,Natal,BR,-5.795,-35.2094,79.02,89,75,4.61,broken clouds
383,Mount Isa,AU,-20.7333,139.5,65.97,94,100,9.22,overcast clouds
384,Tromso,NO,69.6496,18.957,37.42,93,100,11.5,overcast clouds
385,Osuna,ES,37.2377,-5.1075,60.39,45,24,5.97,few clouds
386,Sorong,ID,-0.8833,131.25,82.13,79,92,2.59,overcast clouds
387,Sarangani,PH,5.4033,125.4636,81.34,80,99,11.86,light rain
388,Methoni,GR,36.8197,21.7049,61.21,75,4,5.57,clear sky
389,Namibe,AO,-15.1961,12.1522,73.96,60,30,9.35,scattered clouds
390,Kon Tum,VN,14.35,108.0,74.23,90,77,0.22,broken clouds
391,Deer Lake,CA,49.1667,-57.4316,49.86,32,40,5.75,scattered clouds
392,Celle,DE,52.6226,10.0805,62.06,82,75,3.44,broken clouds
393,Verkhoyansk,RU,67.5447,133.385,22.75,74,74,8.3,broken clouds
394,Khani,GE,41.9563,42.9566,42.37,91,64,4.9,broken clouds
395,Yuancheng,CN,36.652,107.7896,65.25,34,100,5.57,overcast clouds
396,Hirata,JP,35.4333,132.8167,62.62,94,75,3.44,broken clouds
397,Ouadda,CF,8.0777,22.4007,69.73,86,100,2.46,overcast clouds
398,Craig,US,40.5153,-107.5464,67.95,19,0,16.11,clear sky
399,Tabou,CI,4.423,-7.3528,79.9,84,94,5.79,overcast clouds
400,Mabaruma,GY,8.2,-59.7833,75.96,85,39,6.02,scattered clouds
401,Mahebourg,MU,-20.4081,57.7,75.25,100,20,5.75,few clouds
402,Kamaishi,JP,39.2667,141.8833,60.78,71,62,8.9,broken clouds
403,Toamasina,MG,-18.1667,49.3833,77.0,94,75,3.44,broken clouds
404,Itamaraju,BR,-17.0392,-39.5311,67.66,95,59,0.38,broken clouds
405,Ngunguru,NZ,-35.6167,174.5,59.27,58,0,14.52,clear sky
406,Muhos,FI,64.808,25.9931,53.38,75,100,10.67,overcast clouds
407,Williston,US,48.147,-103.618,67.03,21,1,4.0,clear sky
408,Kemijarvi,FI,66.7131,27.4306,45.1,85,99,9.86,overcast clouds
409,Killybegs,IE,54.6333,-8.45,49.28,86,46,19.66,scattered clouds
410,Aguie,NE,13.506,7.7786,89.15,36,94,10.92,overcast clouds
411,Russell,US,32.3502,-85.1999,83.97,33,0,6.91,clear sky
412,Bjornevatn,NO,69.6672,29.9847,37.74,100,100,4.61,fog
413,Khash,IR,28.2211,61.2158,71.22,24,0,6.02,clear sky
414,Willowmore,ZA,-33.2926,23.4895,52.43,42,19,6.71,few clouds
415,Nyanza,RW,-2.3519,29.7509,56.25,95,77,3.6,broken clouds
416,Mtwara,TZ,-10.2667,40.1833,70.79,93,1,8.16,clear sky
417,Uyemskiy,RU,64.4743,40.8524,42.85,52,20,6.71,few clouds
418,Puerto Escondido,MX,15.85,-97.0667,86.83,66,40,2.3,scattered clouds
419,Taoudenni,ML,22.6783,-3.9836,89.02,9,7,7.52,clear sky
420,Dalbandin,PK,28.8947,64.4101,82.15,18,0,7.25,clear sky
421,Sobolevo,RU,54.4299,31.8996,38.95,74,46,7.34,scattered clouds
422,Villazon,BO,-22.0866,-65.5942,49.6,18,0,4.47,clear sky
423,Springfield,US,37.2153,-93.2982,86.54,74,100,11.5,overcast clouds
424,Helena,US,46.5927,-112.0361,54.59,27,0,13.8,clear sky
425,Maceio,BR,-9.6658,-35.7353,76.44,83,20,3.44,few clouds
426,Namatanai,PG,-3.6667,152.4333,85.42,65,64,11.03,broken clouds
427,Songjianghe,CN,42.1859,127.479,50.76,54,100,6.53,overcast clouds
428,Warwick,US,41.7001,-71.4162,57.24,34,20,20.71,few clouds
429,Boma,GH,7.0805,-2.1697,74.07,98,97,2.75,overcast clouds
430,Lagoa,PT,39.05,-27.9833,59.49,77,95,19.86,light rain
431,Uribia,CO,11.7139,-72.266,78.22,89,100,11.68,overcast clouds
432,Waipawa,NZ,-41.4122,175.5153,51.12,58,93,7.94,overcast clouds
433,Fereydunshahr,IR,32.941,50.121,44.19,43,0,5.73,clear sky
434,Agdam,AZ,39.991,46.9274,51.87,85,100,4.32,light rain
435,Yuzhno-Sukhokumsk,RU,44.6581,45.6436,50.5,60,99,9.71,overcast clouds
436,Bajos De Haina,DO,18.4154,-70.0332,82.33,74,40,5.75,scattered clouds
437,Shihezi,CN,44.3,86.0333,69.08,20,95,4.79,overcast clouds
438,Crixas,BR,-14.5489,-49.9692,74.21,49,12,0.92,few clouds
439,Jurm,AF,36.8648,70.8342,61.21,84,99,2.01,overcast clouds
440,Biloela,AU,-24.4167,150.5,71.55,76,100,15.46,moderate rain
441,Tsiroanomandidy,MG,-18.7667,46.0333,56.07,91,0,1.59,clear sky
442,Campeche,MX,19.0,-90.5,89.96,49,50,6.06,scattered clouds
443,Chegdomyn,RU,51.1167,133.0167,64.92,39,78,2.26,broken clouds
444,Shitanjing,CN,39.2342,106.3439,47.46,43,63,7.85,light rain
445,Ilulissat,GL,69.2167,-51.1,24.82,58,31,8.05,scattered clouds
446,Batagay,RU,67.6333,134.6333,22.48,66,60,5.1,broken clouds
447,Maputo,MZ,-25.9653,32.5892,65.23,86,20,3.44,few clouds
448,Vila,PT,42.0304,-8.1588,50.7,71,32,2.8,scattered clouds
449,Vilshofen,DE,48.6333,13.1833,60.84,78,99,2.24,overcast clouds
450,Asbe Teferi,ET,9.0833,40.8667,63.66,50,37,3.06,scattered clouds
451,Swan River,CA,52.1058,-101.2676,46.29,76,100,19.57,overcast clouds
452,Praya,CV,14.9215,-23.5087,73.94,73,0,14.97,clear sky
453,Nakhon Sawan,TH,15.7,100.0833,81.01,80,92,7.18,overcast clouds
454,Luanda,AO,-8.8368,13.2343,77.0,88,75,3.44,broken clouds
455,Dukat,RU,62.55,155.55,31.55,100,100,7.9,overcast clouds
456,Constantine,DZ,36.365,6.6147,49.41,93,20,2.3,few clouds
457,Poum,NC,-20.2333,164.0167,77.94,71,92,20.04,overcast clouds
458,Claudio,BR,-20.4433,-44.7658,58.33,65,6,3.8,clear sky
459,Port Blair,IN,11.6667,92.75,80.64,89,75,2.3,mist
460,Progreso,MX,21.2833,-89.6667,91.51,82,0,21.63,clear sky
461,Codrington,AU,-38.2667,141.9667,59.65,67,70,5.88,broken clouds
462,Urucara,BR,-2.5364,-57.76,73.74,98,55,3.15,broken clouds
463,Kununurra,AU,-15.7667,128.7333,71.58,60,56,0.0,broken clouds
464,Toguchin,RU,55.2353,84.3858,40.15,42,0,11.48,clear sky
465,Noshiro,JP,40.2039,140.0242,58.03,45,80,3.33,broken clouds
466,San Cristobal,VE,7.7669,-72.225,75.38,99,99,3.27,overcast clouds
467,Ust-Ishim,RU,57.6935,71.1665,51.58,50,100,9.37,overcast clouds
468,Atbasar,KZ,51.8,68.3333,51.01,86,81,9.6,broken clouds
469,Itarema,BR,-2.9248,-39.9167,76.19,88,100,6.73,overcast clouds
470,Inongo,CD,-1.95,18.2667,72.45,93,100,2.46,light rain
471,Srednekolymsk,RU,67.45,153.6833,24.62,79,100,4.47,overcast clouds
472,Najran,SA,17.4924,44.1277,79.45,23,19,1.57,few clouds
473,Margate,GB,51.3813,1.3862,55.87,74,96,4.0,overcast clouds
474,Jalu,LY,29.0331,21.5482,69.01,39,87,11.39,overcast clouds
475,Shenjiamen,CN,29.9576,122.298,62.91,98,100,8.08,overcast clouds
476,Tuatapere,NZ,-46.1333,167.6833,54.66,59,12,3.85,few clouds
477,Ancud,CL,-41.8697,-73.8203,48.7,85,77,4.0,broken clouds
478,Lasa,IT,46.6166,10.7002,58.08,73,99,1.81,overcast clouds
479,Luorong,CN,24.4058,109.6086,70.3,87,63,6.49,broken clouds
480,Rawson,AR,-43.3002,-65.1023,52.09,72,0,8.88,clear sky
481,Penal,TT,10.1667,-61.4667,80.85,85,18,1.01,few clouds
482,Berea,US,41.3662,-81.8543,81.48,41,75,10.36,broken clouds
483,Beyneu,KZ,45.3167,55.2,54.63,85,2,8.77,clear sky
484,Sabha,LY,27.0377,14.4283,75.72,26,61,10.18,broken clouds
485,Salalah,OM,17.0151,54.0924,82.49,69,0,2.3,clear sky
486,Ijuin,JP,31.6167,130.4,68.11,97,100,4.32,heavy intensity rain
487,Nhulunbuy,AU,-12.2333,136.7667,83.01,83,75,5.75,broken clouds
488,Lorengau,PG,-2.0226,147.2712,84.74,71,100,10.8,overcast clouds
489,Meulaboh,ID,4.1363,96.1285,77.54,89,100,6.17,light rain
490,Zhanakorgan,KZ,43.9098,67.2495,61.7,46,31,7.25,scattered clouds
491,San Policarpo,PH,12.1791,125.5072,82.99,79,64,8.93,broken clouds
492,Tiznit,MA,29.5833,-9.5,73.94,25,100,3.33,overcast clouds
493,Lavrentiya,RU,65.5833,-171.0,33.03,98,100,5.79,overcast clouds
494,Hobyo,SO,5.3505,48.5268,82.17,76,87,19.98,overcast clouds
495,Porto Novo,BJ,6.4965,2.6036,84.02,84,97,6.06,overcast clouds
496,Aranda De Duero,ES,41.6704,-3.6892,61.23,60,27,5.17,scattered clouds
497,Shiyan,CN,32.6475,110.7781,62.51,78,100,0.81,overcast clouds
498,Sveti Nikole,MK,41.8696,21.9527,54.45,89,80,0.45,broken clouds
499,Korla,CN,41.7597,86.1469,73.02,26,40,10.07,scattered clouds
500,Narok,KE,-1.0783,35.8601,55.76,96,25,4.12,scattered clouds
501,Kavieng,PG,-2.5744,150.7967,85.24,68,95,16.31,overcast clouds
502,Flin Flon,CA,54.7682,-101.865,58.84,29,75,6.91,broken clouds
503,Kiunga,PG,-6.1219,141.2906,80.29,91,100,3.38,overcast clouds
504,Kisangani,CD,0.5167,25.2,71.78,97,96,1.77,moderate rain
505,Trinidad,BO,-14.8333,-64.9,80.58,83,75,0.0,light rain
506,Gornyy,RU,55.1153,83.9059,38.59,46,0,9.69,clear sky
507,Inhambane,MZ,-23.865,35.3833,66.06,90,0,5.5,clear sky
508,Nishihara,JP,26.1842,127.7558,78.85,91,100,12.66,light rain
509,Salinopolis,BR,-0.6136,-47.3561,76.28,88,100,2.86,overcast clouds
510,Naze,JP,28.3667,129.4833,72.52,65,98,2.59,moderate rain
511,Vila Velha,BR,-20.3297,-40.2925,73.35,83,0,4.61,clear sky
512,Chabahar,IR,25.2919,60.643,81.36,75,7,11.21,clear sky
513,Sovetskaya Gavan,RU,48.9723,140.2878,54.72,59,8,6.29,clear sky
514,Aykhal,RU,66.0,111.5,33.89,99,93,19.62,overcast clouds
515,Monroe,US,43.1501,-77.6831,71.62,36,40,6.91,scattered clouds
516,Khandbari,NP,27.3747,87.2039,70.07,84,78,1.43,broken clouds
517,Asmara,ER,15.3333,38.9333,60.3,42,0,7.29,clear sky
518,College,US,64.8569,-147.8028,42.21,82,75,6.91,broken clouds
519,Ust-Tarka,RU,55.5672,75.705,48.18,39,100,12.5,overcast clouds
520,Tucurui,BR,-3.7661,-49.6725,73.8,96,97,3.53,overcast clouds
521,Talara,PE,-4.5772,-81.2719,70.56,73,75,12.66,broken clouds
522,Verkhnevilyuysk,RU,63.4453,120.3167,38.28,73,52,6.2,broken clouds
523,Kumbo,CM,6.2,10.6667,60.75,93,82,3.38,light rain
524,Jaque,PA,7.5175,-78.1703,80.47,82,72,1.54,light rain
525,Colwyn Bay,GB,53.2948,-3.7267,55.9,9,97,11.99,overcast clouds
526,Acapulco,MX,16.8634,-99.8901,85.82,66,75,8.05,broken clouds
527,Vao,NC,-22.6667,167.4833,73.31,67,35,21.07,scattered clouds
528,Castanas,PH,13.8822,121.5517,81.09,71,100,5.86,overcast clouds
529,Mombaca,BR,-5.7431,-39.6275,72.01,70,72,3.22,broken clouds
530,Huarmey,PE,-10.0681,-78.1522,65.8,82,2,7.14,clear sky
531,Santa Rita,BR,-7.1139,-34.9781,77.67,88,0,4.61,clear sky
532,Anadyr,RU,64.75,177.4833,43.3,70,40,6.71,scattered clouds
533,Walvis Bay,NA,-22.9575,14.5053,59.95,77,22,0.0,few clouds
534,Kharp,RU,66.8014,65.8081,19.72,84,98,3.4,overcast clouds
535,Amahai,ID,-3.3333,128.9167,82.98,76,86,1.72,overcast clouds
536,Dire Dawa,ET,9.5931,41.8661,73.24,33,4,3.18,clear sky
537,Umm Lajj,SA,25.0213,37.2685,80.74,39,22,11.79,few clouds
538,Gari,RU,59.4307,62.3497,53.2,64,100,9.04,overcast clouds
539,Paidha,UG,2.4167,30.9855,63.99,75,51,5.5,broken clouds
540,Saint Anthony,US,45.0205,-93.218,80.22,26,0,9.22,clear sky
541,Gamba,GA,-2.65,10.0,77.72,92,100,4.05,light rain
542,Genhe,CN,50.7833,121.5167,36.75,58,38,5.97,scattered clouds
543,Boyuibe,BO,-20.4167,-63.2833,65.53,75,100,1.97,overcast clouds
544,Kandi,BJ,11.1342,2.9386,83.89,53,90,4.47,overcast clouds
545,High Level,CA,58.5169,-117.136,37.51,70,75,2.3,broken clouds
546,Wawa,NG,9.9022,4.4192,84.74,59,95,4.0,overcast clouds
547,Sidi Ali,DZ,36.0998,0.4206,62.11,58,2,5.01,clear sky
548,Fairbanks,US,64.8378,-147.7164,42.22,81,75,6.91,light rain
549,Ghatanji,IN,20.1333,78.3167,87.44,47,100,5.57,overcast clouds
550,Joutseno,FI,61.118,28.5076,42.85,58,98,8.57,overcast clouds
551,Cabedelo,BR,-6.9811,-34.8339,77.67,82,97,7.81,overcast clouds
552,Manakara,MG,-22.1333,48.0167,65.64,81,0,4.92,clear sky
553,Sur,OM,22.5667,59.5289,82.44,50,0,2.26,clear sky
554,Los Llanos De Aridane,ES,28.6585,-17.9182,65.95,82,100,2.3,overcast clouds
555,Hare Bay,CA,48.8499,-54.0148,61.95,64,4,5.44,clear sky
556,Kalmar,SE,56.6616,16.3616,57.15,92,100,5.01,overcast clouds
557,Werl,DE,51.55,7.9167,62.02,79,95,3.42,overcast clouds
558,Durban,ZA,-29.8579,31.0292,64.02,89,93,3.0,overcast clouds
559,Afua,BR,-0.1567,-50.3867,73.49,96,100,3.13,light rain
560,Saint-Louis,SN,16.3333,-15.0,89.24,46,6,12.19,clear sky
561,Gayny,RU,60.3071,54.3241,47.73,81,100,5.97,overcast clouds
562,Yukamenskoye,RU,57.8865,52.2416,49.57,91,100,10.11,light rain
563,Buraydah,SA,26.326,43.975,81.05,15,10,12.35,clear sky
564,Yumen,CN,40.2833,97.2,62.73,23,38,7.99,scattered clouds
565,Los Alamos,US,35.8881,-106.307,80.42,10,0,16.11,clear sky
566,Hovd,MN,48.0056,91.6419,41.04,24,1,2.77,clear sky
567,Ilo,PE,-17.6394,-71.3375,64.27,84,13,2.26,few clouds
568,Horsham,GB,51.064,-0.3272,55.72,84,0,5.75,clear sky
569,Binabalian,PH,16.4202,119.9279,83.61,73,3,12.1,clear sky
570,Port Hedland,AU,-20.3167,118.5667,60.85,29,48,8.05,scattered clouds
571,Monrovia,LR,6.3005,-10.7969,80.89,83,89,8.57,overcast clouds
572,San Rafael Del Sur,NI,11.8485,-86.4384,88.77,71,62,5.01,broken clouds
573,Benjamin Constant,BR,-4.3831,-70.0311,80.73,89,40,1.14,scattered clouds
574,Northam,GB,51.0333,-4.2167,54.61,88,100,15.12,overcast clouds
575,Minot,US,48.2325,-101.2963,66.42,22,0,13.8,clear sky
576,Noumea,NC,-22.2763,166.4572,78.78,99,78,15.84,broken clouds
577,Chernigovka,RU,44.3389,132.5728,59.86,31,98,17.81,overcast clouds
578,Kang,BW,-23.6752,22.7876,57.85,24,3,4.74,clear sky
579,Bar Harbor,US,44.3876,-68.2039,52.02,58,0,8.12,clear sky
580,Asfi,MA,32.2994,-9.2372,66.88,74,48,3.49,scattered clouds
581,Cartagena,CO,10.3997,-75.5144,83.82,79,40,6.91,scattered clouds
582,Half Moon Bay,US,37.4636,-122.4286,62.51,55,0,24.16,clear sky
583,Rio Grande,BR,-32.035,-52.0986,62.71,90,100,4.36,overcast clouds
584,Niteroi,BR,-22.8833,-43.1036,73.02,78,75,13.8,broken clouds
585,Constitucion,CL,-35.3333,-72.4167,56.61,73,100,10.58,overcast clouds
586,Camana,PE,-16.6228,-72.7111,66.09,85,38,4.41,scattered clouds
587,Santa Fe,AR,-31.6333,-60.7,58.91,90,12,2.95,light rain
588,Watsa,CD,3.0372,29.5355,64.22,83,64,3.38,broken clouds
589,Saint-Nazaire,FR,47.2833,-2.2,57.18,94,0,6.91,clear sky
590,Acarau,BR,-2.8856,-40.12,76.68,87,100,7.29,overcast clouds
591,Nivala,FI,63.9167,24.9667,51.69,82,100,11.16,overcast clouds
592,Buena Vista,US,43.4203,-83.8986,82.45,43,75,12.66,broken clouds
593,Iaciara,BR,-14.0958,-46.6317,68.4,43,9,3.06,clear sky
594,Sarangarh,IN,21.6,83.0833,81.34,70,92,8.5,overcast clouds
595,Maarianhamina,AX,60.0973,19.9348,44.46,93,40,18.41,scattered clouds
596,Rianxo,ES,42.6498,-8.8176,58.05,85,22,2.75,few clouds
597,Te Anau,NZ,-45.4167,167.7167,48.88,68,29,1.21,scattered clouds
598,Rolla,US,37.9514,-91.7713,88.23,70,100,8.05,overcast clouds
599,Kushiro,JP,42.975,144.3747,61.75,39,0,5.75,clear sky
600,Atambua,ID,-9.1061,124.8925,78.24,68,65,1.81,broken clouds
601,Bilma,NE,18.6853,12.9164,90.27,12,1,5.61,clear sky
602,China,MX,25.7,-99.2333,90.18,50,60,25.99,broken clouds
603,Tavrichanka,RU,43.3378,131.8639,53.46,58,100,10.63,overcast clouds
604,Parrita,CR,9.5201,-84.3225,81.16,80,99,3.31,overcast clouds
605,Teahupoo,PF,-17.8333,-149.2667,80.53,76,32,15.9,scattered clouds
606,Muroto,JP,33.2833,134.15,66.18,88,100,22.75,light rain
607,Juneau,US,58.3019,-134.4197,44.6,94,75,11.5,broken clouds
608,Fuyu,CN,45.1833,124.8167,48.43,54,84,10.02,broken clouds
609,Baruun-Urt,MN,46.6806,113.2792,32.58,43,27,15.28,scattered clouds
610,Kennett,US,36.2362,-90.0556,89.74,67,1,7.54,clear sky
611,Jacksonville,US,30.3322,-81.6556,77.25,49,20,8.05,few clouds
612,Pastavy,BY,55.1168,26.8326,42.73,73,88,6.91,overcast clouds
613,Jawad,IN,24.6,74.85,85.68,17,17,7.56,few clouds
614,Portland,US,45.5234,-122.6762,62.62,43,40,5.75,scattered clouds
615,Simbach,DE,48.5667,12.75,59.76,76,98,3.89,overcast clouds
616,Tautira,PF,-17.7333,-149.15,80.94,76,33,15.77,scattered clouds
617,Talcahuano,CL,-36.7167,-73.1167,55.08,94,100,5.75,light rain
618,Kalulushi,ZM,-12.8378,28.0919,60.53,71,24,3.18,few clouds
619,Brzesko,PL,49.9691,20.6061,52.59,62,52,4.14,broken clouds
620,Salamanca,ES,40.8333,-6.0,63.75,51,16,4.74,few clouds
621,Ternate,ID,0.8,127.4,81.55,83,99,9.51,light rain
622,Sinnamary,GF,5.3833,-52.95,77.13,88,19,8.95,few clouds
623,Bijar,IR,35.8668,47.6051,42.8,67,24,2.48,few clouds
624,Lake Havasu City,US,34.4839,-114.3224,86.0,6,0,13.8,clear sky
625,Snasa,NO,64.2457,12.3778,40.62,96,84,3.53,broken clouds
626,Dingle,PH,10.9995,122.6711,83.61,72,77,6.2,broken clouds
627,Shingu,JP,33.7333,135.9833,62.22,92,100,7.96,light rain
628,Tocopilla,CL,-22.092,-70.1979,63.37,74,9,0.56,clear sky
629,Locri,IT,38.2414,16.2623,62.31,74,5,9.15,clear sky
630,Le Vauclin,MQ,14.5452,-60.8388,80.65,74,20,11.5,few clouds
631,Dzerzhinskoye,RU,56.8344,95.2283,38.86,44,1,3.13,clear sky
632,Rosetown,CA,51.5501,-108.0014,42.78,87,97,10.36,overcast clouds
633,Bubaque,GW,11.2833,-15.8333,77.97,73,55,19.19,broken clouds
634,Mbanza-Ngungu,CD,-5.25,14.8667,69.24,95,83,2.46,light rain
635,Spring Valley,US,36.108,-115.245,75.15,14,75,21.99,broken clouds
636,Ahipara,NZ,-35.1667,173.1667,62.37,46,0,12.57,clear sky
637,Roebourne,AU,-20.7833,117.1333,71.35,22,72,12.37,broken clouds
638,Antofagasta,CL,-23.65,-70.4,60.08,87,11,2.3,few clouds
639,Vigrestad,NO,58.5667,5.7,49.96,94,45,9.48,scattered clouds
640,Simoes,BR,-7.5989,-40.8178,78.84,54,100,6.76,overcast clouds
641,Kandrian,PG,-6.2167,149.55,85.42,72,99,4.79,overcast clouds
642,Sioux Lookout,CA,50.1001,-91.917,66.27,30,20,11.5,few clouds
643,Porosozero,RU,62.7191,32.727,37.99,83,67,6.42,broken clouds
644,Lengshuitan,CN,26.4111,111.5956,61.72,92,100,3.51,overcast clouds
645,Fukuma,JP,33.7667,130.4667,69.3,95,100,4.74,overcast clouds
646,Harper,LR,4.375,-7.7169,79.61,84,88,5.28,light rain
647,Bereznik,RU,62.8551,42.7072,35.56,72,0,3.6,clear sky
648,Thinadhoo,MV,0.5333,72.9333,84.38,74,100,18.03,overcast clouds
649,Mamou,GN,10.5,-12.0,79.38,53,38,3.36,scattered clouds
650,Safaga,EG,26.7292,33.9365,77.43,37,0,6.87,clear sky
651,Hami,CN,42.8,93.45,65.43,9,80,6.46,broken clouds
652,Magdalena,PH,14.1999,121.429,84.34,66,98,6.44,overcast clouds
653,Kemise,ET,10.7167,39.8667,69.22,66,50,3.27,light rain
654,Segezha,RU,63.7415,34.3222,38.25,86,74,8.32,broken clouds
655,Sabang,ID,5.8933,95.3214,83.89,73,100,11.34,overcast clouds
656,Lavumisa,SZ,-27.31,31.892,59.25,89,27,3.83,scattered clouds
657,Caldwell,US,43.6629,-116.6874,59.14,35,0,8.05,clear sky
658,Hongjiang,CN,27.11,109.9956,65.28,89,100,2.48,overcast clouds
659,Wukari,NG,7.85,9.7833,76.6,85,73,3.18,light rain
660,Ambilobe,MG,-13.2,49.05,71.94,95,3,2.06,clear sky
661,Morondava,MG,-20.2833,44.2833,69.8,76,0,9.13,clear sky
662,Morros,BR,-9.4467,-46.3003,73.89,63,72,0.63,broken clouds
663,Eenhana,NA,-17.4667,16.3333,59.25,41,0,5.84,clear sky
664,Vanimo,PG,-2.6741,141.3028,84.65,72,49,7.52,scattered clouds
665,Singaraja,ID,-8.112,115.0882,82.04,81,82,1.41,broken clouds
666,Gombong,ID,-7.6072,109.5142,80.22,88,65,2.15,broken clouds
667,Chokwe,MZ,-24.5333,32.9833,62.67,82,0,1.48,clear sky
668,Mandiana,GN,10.6333,-8.6833,83.97,36,33,5.79,scattered clouds
669,Acajutla,SV,13.5928,-89.8275,84.7,70,60,4.97,broken clouds
670,Morant Bay,JM,17.8815,-76.4093,82.02,83,10,8.55,clear sky
671,Kamenka,RU,51.3223,42.7678,36.09,85,47,11.9,scattered clouds
672,Arman,RU,59.7,150.1667,37.02,95,100,7.9,light rain
673,Fukue,JP,32.6881,128.8419,64.76,100,75,8.05,light intensity shower rain
674,Colombo,LK,6.9319,79.8478,82.72,84,100,20.8,overcast clouds
675,Kreuzau,DE,50.75,6.4833,63.68,72,75,2.3,broken clouds
676,Okhotsk,RU,59.3833,143.3,32.94,98,100,10.47,light snow
677,Nanortalik,GL,60.1432,-45.2371,35.29,88,53,5.01,broken clouds
678,Manono,CD,-7.3,27.4167,66.54,69,53,1.86,broken clouds
679,Fairlie,GB,55.756,-4.8556,51.71,88,60,7.0,broken clouds
680,Khuldabad,IN,20.05,75.1833,81.12,37,96,10.33,overcast clouds
681,Balkanabat,TM,39.5108,54.3671,67.3,36,66,6.46,broken clouds
682,Dunedin,NZ,-45.8742,170.5036,54.09,54,9,3.8,clear sky
683,Lakes Entrance,AU,-37.8811,147.981,59.49,70,100,3.4,overcast clouds
684,Ostrovnoy,RU,68.0531,39.5131,38.8,87,100,16.06,overcast clouds
685,Nizwa,OM,22.9333,57.5333,80.2,29,0,2.53,clear sky
686,Zuya,UA,45.0531,34.3154,45.21,76,28,4.72,scattered clouds
687,Chisindia,RO,46.2833,22.1,50.47,86,5,2.26,clear sky
688,Peleduy,RU,59.6289,112.7406,38.89,59,50,3.74,scattered clouds
689,Pacific Grove,US,36.6177,-121.9166,63.55,62,0,16.11,clear sky
690,Hay River,CA,60.8156,-115.7999,30.18,64,75,6.91,broken clouds
691,Bambanglipuro,ID,-7.95,110.2833,80.42,86,72,1.95,broken clouds
692,Moanda,GA,-1.5575,13.2178,70.7,94,96,2.62,overcast clouds
693,Sibolga,ID,1.7427,98.7792,78.39,87,100,3.09,overcast clouds
694,Liaozhong,CN,41.5061,122.7242,54.43,54,61,7.11,broken clouds
695,San Quintin,MX,30.4833,-115.95,63.0,63,20,25.86,few clouds
696,Cururupu,BR,-1.8283,-44.8683,74.23,91,100,1.03,overcast clouds
697,Batagay-Alyta,RU,67.8006,130.4114,18.45,66,99,4.36,overcast clouds
698,Dongying,CN,37.4564,118.4856,60.66,66,100,6.91,overcast clouds
699,Vostok,RU,46.4856,135.8833,66.09,24,89,0.63,overcast clouds
700,Pyshma,RU,56.9523,63.2513,52.36,75,100,15.05,light rain
701,Shimoda,JP,34.6667,138.95,66.11,59,100,11.23,overcast clouds
702,Fort Myers Beach,US,26.452,-81.9481,84.27,46,0,10.36,clear sky
